{
	"code": "jackrabbit",
	"class": "EntityAgent",
	"hitboxSize": {
		"x": 0.75,
		"y": 0.5
	},
	"eyeHeight": 0.6,
	"client": {
		"renderer": "Shape",
		"shape": { "base": "entity/jackrabbit" },
		"textures": {
			"skin": {
				"base": "entity/jackrabbit-1",
				"alternates": [
					{
						"base": "entity/jackrabbit-2"
					},
					{
						"base": "entity/jackrabbit-3"
					},
					{
						"base": "entity/jackrabbit-4"
					}
				]
			}
		},
		"behaviors": [
		],
		"animations": [
			{
				"code": "hurt",
				"animation": "hurt",
				"animationSpeed": 2.2,
				"weight": 10,
				"blendMode": "AddAverage"
			},
			{
				"code": "dig",
				"animation": "dig",
				"animationSpeed": 1
			},
			{
				"code": "longdig",
				"animation": "longdig",
				"animationSpeed": 1
			},
			{
				"code": "die",
				"animation": "death",
				"animationSpeed": 1.25,
				"weight": 10,
				"blendMode": "Average",
				"triggeredBy": { "onControls": [ "dead" ] }
			},
			{
				"code": "idle",
				"animation": "idle",
				"blendMode": "AddAverage",
				"easeOutSpeed": 4,
				"triggeredBy": { "defaultAnim": true }
			},
			{
				"code": "sleep",
				"animation": "sleep",
				"easeInSpeed": 4,
				"easeOutSpeed": 4,
				"blendMode": "Average"
			},
			{
				"code": "sit",
				"animation": "sit",
				"easeInSpeed": 4,
				"easeOutSpeed": 4,
				"blendMode": "Average"
			}
		]
	},
	"server": {
		"behaviors": [
		]
	},
	"sounds": {
		"hurt": "game:creature/hare-hurt",
		"death": "game:creature/hare-hurt",
		"idle": "game:creature/hare-idle"
	},
	"idleSoundChance": 0.03
}